Horse Number,Horse Name,Low Stride,High Stride,Age,M/F,Weight (lbs),Country of Origin,Trainer
53,Lucky Day,2,8,3,M,1126,United States,JIT
42,Dear Aunt Sally,3,8,3,F,1038,United States,GNY
91,Outlandish,3,6,2,F,1128,South Africa,DER
58,Awesome Aussie,2,6,4,F,1042,Australia,SED
20,New Adventure,3,5,2,M,1127,China,WLU
87,Java Jo,1,5,3,M,1106,Brazil,HYN
41,iWin,4,5,2,M,1088,Canada,FRN
57,Cold Dish,3,7,2,F,1091,Canada,WND
34,Rubix Square,3,5,2,M,1127,France,LKD
33,Checker Out,4,7,4,F,1093,Italy,NYT
83,Tinsel,1,6,2,F,1089,Germany,FDC
50,Sir Skel,3,8,4,M,1100,Norway,PDO
