RANK,HORSE NAME
1,NEW ADVENTURE
2,DEAR AUNT SALLY
3,SIR SKEL
1,AWESOME AUSSIE
2,LUCKY DAY
3,JAVA JO
1,DEAR AUNT SALLY
2,NEW ADVENTURE
3,CHECKER OUT
1,NEW ADVENTURE
2,RUBIX SQUARE
3,JAVA JO
1,RUBIX SQUARE
2,AWESOME AUSSIE
3,SIR SKEL
1,TINSEL
2,AWESOME AUSSIE
3,NEW ADVENTURE
1,AWESOME AUSSIE
2,NEW ADVENTURE
3,LUCKY DAY
1,CHECKER OUT
2,RUBIX SQUARE
3,AWESOME AUSSIE
1,CHECKER OUT
2,JAVA JO
3,TINSEL
1,LUCKY DAY
2,CHECKER OUT
3,NEW ADVENTURE
1,RUBIX SQUARE
2,DEAR AUNT SALLY
3,NEW ADVENTURE
1,DEAR AUNT SALLY
2,NEW ADVENTURE
3,TINSEL
1,SIR SKEL
2,DEAR AUNT SALLY
3,COLD DISH
1,RUBIX SQUARE
2,SIR SKEL
3,NEW ADVENTURE
1,NEW ADVENTURE
2,CHECKER OUT
3,JAVA JO
1,CHECKER OUT
2,AWESOME AUSSIE
3,NEW ADVENTURE
1,SIR SKEL
2,NEW ADVENTURE
3,CHECKER OUT
1,SIR SKEL
2,TINSEL
3,CHECKER OUT
1,DEAR AUNT SALLY
2,NEW ADVENTURE
3,SIR SKEL
1,NEW ADVENTURE
2,RUBIX SQUARE
3,CHECKER OUT
1,CHECKER OUT
2,RUBIX SQUARE
3,JAVA JO
